,Trait,too_small,too_large
1,carbon,0.000255997,1.84E-05
2,Nitrogen,0.002472936,0.004501274
3,Phosphorus,0.001088198,0.001265761
4,SLA,0.006308639,7.09E-05
5,Photosynthesis,0.002137657,0.003174485
