"","Trait","too_small","too_large"
"1","carbon",0.000255996603693483,1.836128210571e-05
"2","Nitrogen",0.00247293568244534,0.00450127361494375
"3","Phosphorus",0.0010881978348546,0.00126576098492889
"4","SLA",0.00630863935470176,7.08978985353428e-05
"5","Photosynthesis",0.0021376565485035,0.00317448524729357
